,Time,Sample#,Result
0,0:00.050,18,+
1,0:00.214,77,N
2,0:01.028,370,N
3,0:01.839,662,N
4,0:02.628,946,N
5,0:03.419,1231,N
6,0:04.208,1515,N
7,0:05.025,1809,N
8,0:05.678,2044,A
9,0:06.672,2402,N
10,0:07.517,2706,N
11,0:08.328,2998,N
12,0:09.117,3282,N
13,0:09.889,3560,N
14,0:10.728,3862,N
15,0:11.583,4170,N
16,0:12.406,4466,N
17,0:13.233,4764,N
18,0:14.056,5060,N
19,0:14.850,5346,N
20,0:15.647,5633,N
21,0:16.439,5918,N
22,0:17.261,6214,N
23,0:18.131,6527,N
24,0:18.953,6823,N
25,0:19.739,7106,N
26,0:20.531,7391,N
27,0:21.306,7670,N
28,0:22.092,7953,N
29,0:22.903,8245,N
30,0:23.719,8539,N
31,0:24.547,8837,N
32,0:25.392,9141,N
33,0:26.197,9431,N
34,0:26.972,9710,N
35,0:27.772,9998,N
36,0:28.561,10282,N
37,0:29.419,10591,N
38,0:30.261,10894,N
39,0:31.086,11191,N
40,0:31.889,11480,N
41,0:32.725,11781,N
42,0:33.517,12066,N
43,0:34.306,12350,N
44,0:35.125,12645,N
45,0:35.969,12949,N
46,0:36.850,13266,N
47,0:37.672,13562,N
48,0:38.450,13842,N
49,0:39.253,14131,N
50,0:40.064,14423,N
51,0:40.861,14710,N
52,0:41.697,15011,N
53,0:42.528,15310,N
54,0:43.353,15607,N
55,0:44.164,15899,N
56,0:44.953,16183,N
57,0:45.733,16464,N
58,0:46.542,16755,N
59,0:47.383,17058,N
60,0:48.217,17358,N
61,0:49.047,17657,N
62,0:49.853,17947,N
63,0:50.631,18227,N
64,0:51.428,18514,N
65,0:52.208,18795,N
66,0:53.000,19080,N
67,0:53.856,19388,N
68,0:54.703,19693,N
69,0:55.525,19989,N
70,0:56.308,20271,N
71,0:57.094,20554,N
72,0:57.881,20837,N
73,0:58.697,21131,N
74,0:59.508,21423,N
75,1:00.358,21729,N
76,1:01.192,22029,N
77,1:02.003,22321,N
78,1:02.786,22603,N
79,1:03.558,22881,N
80,1:04.344,23164,N
81,1:05.147,23453,N
82,1:05.989,23756,N
83,1:06.814,24053,N
84,1:07.625,24345,N
85,1:08.403,24625,N
86,1:09.203,24913,N
87,1:09.992,25197,N
88,1:10.792,25485,N
89,1:11.608,25779,N
90,1:12.467,26088,N
91,1:13.297,26387,N
92,1:14.083,26670,N
93,1:14.867,26952,N
94,1:15.658,27237,N
95,1:16.489,27536,N
96,1:17.314,27833,N
97,1:18.144,28132,N
98,1:18.975,28431,N
99,1:19.797,28727,N
100,1:20.594,29014,N
101,1:21.372,29294,N
102,1:22.167,29580,N
103,1:22.981,29873,N
104,1:23.839,30182,N
105,1:24.686,30487,N
106,1:25.497,30779,N
107,1:26.292,31065,N
108,1:27.078,31348,N
109,1:27.875,31635,N
110,1:28.686,31927,N
111,1:29.511,32224,N
112,1:30.358,32529,N
113,1:31.211,32836,N
114,1:32.019,33127,N
115,1:32.786,33403,N
116,1:33.586,33691,N
117,1:34.389,33980,N
118,1:35.206,34274,N
119,1:36.042,34575,N
120,1:36.861,34870,N
121,1:37.689,35168,N
122,1:38.486,35455,N
123,1:39.267,35736,N
124,1:40.044,36016,N
125,1:40.858,36309,N
126,1:41.681,36605,N
127,1:42.544,36916,N
128,1:43.375,37215,N
129,1:44.164,37499,N
130,1:44.950,37782,N
131,1:45.753,38071,N
132,1:46.544,38356,N
133,1:47.364,38651,N
134,1:48.194,38950,N
135,1:49.033,39252,N
136,1:49.853,39547,N
137,1:50.625,39825,N
138,1:51.378,40096,N
139,1:52.172,40382,N
140,1:52.992,40677,N
141,1:53.806,40970,N
142,1:54.642,41271,N
143,1:55.464,41567,N
144,1:56.247,41849,N
145,1:56.992,42117,N
146,1:57.822,42416,N
147,1:58.603,42697,N
148,1:59.433,42996,N
149,2:00.297,43307,N
150,2:01.119,43603,N
151,2:01.922,43892,N
152,2:02.700,44172,N
153,2:03.486,44455,N
154,2:04.286,44743,N
155,2:05.083,45030,N
156,2:05.897,45323,N
157,2:06.744,45628,N
158,2:07.569,45925,N
159,2:08.344,46204,N
160,2:09.106,46478,N
161,2:09.886,46759,N
162,2:10.658,47037,N
163,2:11.483,47334,N
164,2:12.311,47632,N
165,2:13.108,47919,N
166,2:13.894,48202,N
167,2:14.683,48486,N
168,2:15.461,48766,N
169,2:16.222,49040,N
170,2:17.008,49323,N
171,2:17.828,49618,N
172,2:18.675,49923,N
173,2:19.483,50214,N
174,2:20.253,50491,N
175,2:21.031,50771,N
176,2:21.822,51056,N
177,2:22.608,51339,N
178,2:23.406,51626,N
179,2:24.225,51921,N
180,2:25.044,52216,N
181,2:25.850,52506,N
182,2:26.622,52784,N
183,2:27.397,53063,N
184,2:28.169,53341,N
185,2:28.975,53631,N
186,2:29.786,53923,N
187,2:30.608,54219,N
188,2:31.408,54507,N
189,2:32.178,54784,N
190,2:32.956,55064,N
191,2:33.731,55343,N
192,2:34.514,55625,N
193,2:35.300,55908,N
194,2:36.131,56207,N
195,2:36.950,56502,N
196,2:37.733,56784,N
197,2:38.486,57055,N
198,2:39.258,57333,N
199,2:40.042,57615,N
200,2:40.833,57900,N
201,2:41.644,58192,N
202,2:42.472,58490,N
203,2:43.300,58788,N
204,2:44.103,59077,N
205,2:44.872,59354,N
206,2:45.642,59631,N
207,2:46.442,59919,N
208,2:47.261,60214,N
209,2:48.097,60515,N
210,2:48.936,60817,N
211,2:49.736,61105,N
212,2:50.531,61391,N
213,2:51.333,61680,N
214,2:52.119,61963,N
215,2:52.908,62247,N
216,2:53.742,62547,N
217,2:54.589,62852,N
218,2:55.428,63154,N
219,2:56.217,63438,N
220,2:56.975,63711,N
221,2:57.772,63998,N
222,2:58.578,64288,N
223,2:59.392,64581,N
224,3:00.211,64876,N
225,3:01.039,65174,N
226,3:01.844,65464,N
227,3:02.639,65750,N
228,3:03.417,66030,N
229,3:04.186,66307,N
230,3:05.011,66604,N
231,3:05.533,66792,A
232,3:06.472,67130,N
233,3:07.317,67434,N
234,3:08.133,67728,N
235,3:08.908,68007,N
236,3:09.728,68302,N
237,3:10.539,68594,N
238,3:11.350,68886,N
239,3:12.197,69191,N
240,3:13.064,69503,N
241,3:13.878,69796,N
242,3:14.647,70073,N
243,3:15.436,70357,N
244,3:16.231,70643,N
245,3:17.058,70941,N
246,3:17.889,71240,N
247,3:18.719,71539,N
248,3:19.569,71845,N
249,3:20.383,72138,N
250,3:21.158,72417,N
251,3:21.953,72703,N
252,3:22.772,72998,N
253,3:23.614,73301,N
254,3:24.475,73611,N
255,3:25.308,73911,N
256,3:26.100,74196,N
257,3:26.897,74483,N
258,3:27.686,74767,N
259,3:28.294,74986,A
260,3:29.256,75332,N
261,3:30.089,75632,N
262,3:30.928,75934,N
263,3:31.758,76233,N
264,3:32.542,76515,N
265,3:33.292,76785,N
266,3:34.094,77074,N
267,3:34.906,77366,N
268,3:35.731,77663,N
269,3:36.539,77954,N
270,3:37.364,78251,N
271,3:38.164,78539,N
272,3:38.956,78824,N
273,3:39.722,79100,N
274,3:40.517,79386,N
275,3:41.358,79689,N
276,3:42.197,79991,N
277,3:43.028,80290,N
278,3:43.842,80583,N
279,3:44.633,80868,N
280,3:45.422,81152,N
281,3:46.219,81439,N
282,3:47.028,81730,N
283,3:47.861,82030,N
284,3:48.708,82335,N
285,3:49.544,82636,N
286,3:50.353,82927,N
287,3:51.136,83209,N
288,3:51.922,83492,N
289,3:52.761,83794,N
290,3:53.619,84103,N
291,3:54.464,84407,N
292,3:55.303,84709,N
293,3:56.139,85010,N
294,3:56.953,85303,N
295,3:57.722,85580,N
296,3:58.528,85870,N
297,3:59.364,86171,N
298,4:00.217,86478,N
299,4:01.056,86780,N
300,4:01.886,87079,N
301,4:02.678,87364,N
302,4:03.478,87652,N
303,4:04.281,87941,N
304,4:05.089,88232,N
305,4:05.917,88530,N
306,4:06.761,88834,N
307,4:07.597,89135,N
308,4:08.392,89421,N
309,4:09.175,89703,N
310,4:09.967,89988,N
311,4:10.794,90286,N
312,4:11.639,90590,N
313,4:12.458,90885,N
314,4:13.306,91190,N
315,4:14.114,91481,N
316,4:14.892,91761,N
317,4:15.683,92046,N
318,4:16.494,92338,N
319,4:17.314,92633,N
320,4:18.178,92944,N
321,4:19.017,93246,N
322,4:19.817,93534,N
323,4:20.622,93824,N
324,4:21.394,94102,N
325,4:22.208,94395,N
326,4:23.036,94693,N
327,4:23.878,94996,N
328,4:24.717,95298,N
329,4:25.572,95606,N
330,4:26.369,95893,N
331,4:27.142,96171,N
332,4:27.917,96450,N
333,4:28.739,96746,N
334,4:29.583,97050,N
335,4:30.411,97348,N
336,4:31.233,97644,N
337,4:32.044,97936,N
338,4:32.856,98228,N
339,4:33.633,98508,N
340,4:34.414,98789,N
341,4:35.233,99084,N
342,4:36.061,99382,N
343,4:36.608,99579,A
344,4:37.583,99930,N
345,4:38.383,100218,N
346,4:39.156,100496,N
347,4:39.947,100781,N
348,4:40.753,101071,N
349,4:41.558,101361,N
350,4:42.369,101653,N
351,4:43.169,101941,N
352,4:43.983,102234,N
353,4:44.767,102516,N
354,4:45.536,102793,N
355,4:46.317,103074,N
356,4:47.142,103371,N
357,4:47.969,103669,N
358,4:48.789,103964,N
359,4:49.614,104261,N
360,4:50.403,104545,N
361,4:51.194,104830,N
362,4:51.994,105118,N
363,4:52.797,105407,N
364,4:53.631,105707,N
365,4:54.486,106015,N
366,4:55.317,106314,N
367,4:56.111,106600,N
368,4:56.894,106882,N
369,4:57.664,107159,N
370,4:58.481,107453,N
371,4:59.306,107750,N
372,5:00.125,108045,N
373,5:00.950,108342,N
374,5:01.786,108643,N
375,5:02.572,108926,N
376,5:03.331,109199,N
377,5:04.128,109486,N
378,5:04.922,109772,N
379,5:05.767,110076,N
380,5:06.594,110374,N
381,5:07.425,110673,N
382,5:08.231,110963,N
383,5:09.011,111244,N
384,5:09.789,111524,N
385,5:10.583,111810,N
386,5:11.411,112108,N
387,5:12.236,112405,N
388,5:13.083,112710,N
389,5:13.889,113000,N
390,5:14.669,113281,N
391,5:15.450,113562,N
392,5:16.250,113850,N
393,5:17.061,114142,N
394,5:17.856,114428,N
395,5:18.656,114716,N
396,5:19.444,115000,N
397,5:20.222,115280,N
398,5:20.964,115547,N
399,5:21.708,115815,N
400,5:22.456,116084,N
401,5:23.247,116369,N
402,5:24.039,116654,N
403,5:24.831,116939,N
404,5:25.592,117213,N
405,5:26.372,117494,N
406,5:27.128,117766,N
407,5:27.900,118044,N
408,5:28.675,118323,N
409,5:29.464,118607,N
410,5:30.308,118911,N
411,5:31.153,119215,N
412,5:31.969,119509,N
413,5:32.753,119791,N
414,5:33.547,120077,N
415,5:34.378,120376,N
416,5:35.211,120676,N
417,5:36.083,120990,N
418,5:36.944,121300,N
419,5:37.789,121604,N
420,5:38.581,121889,N
421,5:39.361,122170,N
422,5:40.167,122460,N
423,5:40.972,122750,N
424,5:41.806,123050,N
425,5:42.667,123360,N
426,5:43.511,123664,N
427,5:44.267,123936,N
428,5:45.058,124221,N
429,5:45.853,124507,N
430,5:46.597,124775,N
431,5:47.389,125060,N
432,5:48.208,125355,N
433,5:49.022,125648,N
434,5:49.794,125926,N
435,5:50.564,126203,N
436,5:51.322,126476,N
437,5:52.072,126746,N
438,5:52.847,127025,N
439,5:53.647,127313,N
440,5:54.453,127603,N
441,5:55.256,127892,N
442,5:55.792,128085,A
443,5:56.731,128423,N
444,5:57.494,128698,N
445,5:58.217,128958,N
446,5:58.972,129230,N
447,5:59.775,129519,N
448,6:00.550,129798,N
449,6:01.269,130057,N
450,6:01.994,130318,N
451,6:02.689,130568,N
452,6:03.383,130818,N
453,6:04.092,131073,N
454,6:04.794,131326,N
455,6:05.511,131584,N
456,6:06.253,131851,N
457,6:07.006,132122,N
458,6:07.725,132381,N
459,6:08.414,132629,N
460,6:09.119,132883,N
461,6:09.811,133132,N
462,6:10.528,133390,N
463,6:11.283,133662,N
464,6:12.036,133933,N
465,6:12.769,134197,N
466,6:13.508,134463,N
467,6:14.269,134737,N
468,6:14.972,134990,N
469,6:15.675,135243,N
470,6:16.400,135504,N
471,6:17.167,135780,N
472,6:17.947,136061,N
473,6:18.750,136350,N
474,6:19.528,136630,N
475,6:20.275,136899,N
476,6:21.028,137170,N
477,6:21.803,137449,N
478,6:22.581,137729,N
479,6:23.356,138008,N
480,6:24.178,138304,N
481,6:24.994,138598,N
482,6:25.800,138888,N
483,6:26.567,139164,N
484,6:27.333,139440,N
485,6:28.108,139719,N
486,6:28.914,140009,N
487,6:29.728,140302,N
488,6:30.553,140599,N
489,6:31.336,140881,N
490,6:32.089,141152,N
491,6:32.842,141423,N
492,6:33.567,141684,N
493,6:34.286,141943,N
494,6:35.019,142207,N
495,6:35.775,142479,N
496,6:36.519,142747,N
497,6:37.250,143010,N
498,6:37.958,143265,N
499,6:38.653,143515,N
500,6:39.350,143766,N
501,6:40.069,144025,N
502,6:40.794,144286,N
503,6:41.547,144557,N
504,6:42.311,144832,N
505,6:43.086,145111,N
506,6:43.836,145381,N
507,6:44.575,145647,N
508,6:45.283,145902,N
509,6:46.028,146170,N
510,6:46.792,146445,N
511,6:47.603,146737,N
512,6:48.369,147013,N
513,6:49.139,147290,N
514,6:49.903,147565,N
515,6:50.644,147832,N
516,6:51.386,148099,N
517,6:52.119,148363,N
518,6:52.881,148637,N
519,6:53.656,148916,N
520,6:54.456,149204,N
521,6:55.244,149488,N
522,6:56.022,149768,N
523,6:56.750,150030,N
524,6:57.508,150303,N
525,6:58.264,150575,N
526,6:59.025,150849,N
527,6:59.783,151122,N
528,7:00.575,151407,N
529,7:01.389,151700,N
530,7:02.150,151974,N
531,7:02.881,152237,N
532,7:03.639,152510,N
533,7:04.392,152781,N
534,7:05.186,153067,N
535,7:06.006,153362,N
536,7:06.789,153644,N
537,7:07.561,153922,N
538,7:08.314,154193,N
539,7:09.083,154470,N
540,7:09.836,154741,N
541,7:10.581,155009,N
542,7:11.364,155291,N
543,7:12.189,155588,N
544,7:12.958,155865,N
545,7:13.700,156132,N
546,7:14.431,156395,N
547,7:15.133,156648,N
548,7:15.850,156906,N
549,7:16.578,157168,N
550,7:17.306,157430,N
551,7:18.042,157695,N
552,7:18.778,157960,N
553,7:19.536,158233,N
554,7:20.247,158489,N
555,7:20.917,158730,N
556,7:21.594,158974,N
557,7:22.292,159225,N
558,7:22.997,159479,N
559,7:23.717,159738,N
560,7:24.447,160001,N
561,7:25.167,160260,N
562,7:25.853,160507,N
563,7:26.542,160755,N
564,7:27.236,161005,N
565,7:27.928,161254,N
566,7:28.608,161499,N
567,7:29.344,161764,N
568,7:30.097,162035,N
569,7:30.856,162308,N
570,7:31.592,162573,N
571,7:32.319,162835,N
572,7:33.036,163093,N
573,7:33.783,163362,N
574,7:34.525,163629,N
575,7:35.275,163899,N
576,7:36.061,164182,N
577,7:36.836,164461,N
578,7:37.586,164731,N
579,7:38.308,164991,N
580,7:39.017,165246,N
581,7:39.719,165499,N
582,7:40.433,165756,N
583,7:41.200,166032,N
584,7:41.947,166301,N
585,7:42.694,166570,N
586,7:43.447,166841,N
587,7:44.197,167111,N
588,7:44.919,167371,N
589,7:45.669,167641,N
590,7:46.422,167912,N
591,7:47.197,168191,N
592,7:48.011,168484,N
593,7:48.844,168784,N
594,7:49.650,169074,N
595,7:50.414,169349,N
596,7:51.192,169629,N
597,7:51.964,169907,N
598,7:52.781,170201,N
599,7:53.597,170495,N
600,7:54.219,170719,A
601,7:55.206,171074,N
602,7:56.031,171371,N
603,7:56.811,171652,N
604,7:57.558,171921,N
605,7:58.331,172199,N
606,7:59.114,172481,N
607,7:59.933,172776,N
608,8:00.742,173067,N
609,8:01.531,173351,N
610,8:02.303,173629,N
611,8:03.075,173907,N
612,8:03.822,174176,N
613,8:04.586,174451,N
614,8:05.381,174737,N
615,8:06.175,175023,N
616,8:07.008,175323,N
617,8:07.800,175608,N
618,8:08.547,175877,N
619,8:09.292,176145,N
620,8:10.075,176427,N
621,8:10.828,176698,N
622,8:11.597,176975,N
623,8:12.356,177248,N
624,8:13.119,177523,N
625,8:13.881,177797,N
626,8:14.608,178059,N
627,8:15.322,178316,N
628,8:16.050,178578,N
629,8:16.781,178841,N
630,8:17.547,179117,N
631,8:18.300,179388,N
632,8:19.061,179662,N
633,8:19.797,179927,N
634,8:20.506,180182,N
635,8:21.231,180443,N
636,8:21.958,180705,N
637,8:22.678,180964,N
638,8:23.433,181236,N
639,8:24.231,181523,N
640,8:25.031,181811,N
641,8:25.789,182084,N
642,8:26.536,182353,N
643,8:27.289,182624,N
644,8:28.044,182896,N
645,8:28.836,183181,N
646,8:29.653,183475,N
647,8:30.494,183778,N
648,8:31.308,184071,N
649,8:32.114,184361,N
650,8:32.914,184649,N
651,8:33.703,184933,N
652,8:34.481,185213,N
653,8:35.306,185510,N
654,8:36.189,185828,N
655,8:37.047,186137,N
656,8:37.856,186428,N
657,8:38.658,186717,N
658,8:39.458,187005,N
659,8:40.253,187291,N
660,8:41.047,187577,N
661,8:41.867,187872,N
662,8:42.719,188179,N
663,8:43.558,188481,N
664,8:44.342,188763,N
665,8:45.119,189043,N
666,8:45.917,189330,N
667,8:46.733,189624,N
668,8:47.581,189929,N
669,8:48.411,190228,N
670,8:49.247,190529,N
671,8:50.056,190820,N
672,8:50.867,191112,N
673,8:51.653,191395,N
674,8:52.428,191674,N
675,8:53.269,191977,N
676,8:54.114,192281,N
677,8:54.931,192575,N
678,8:55.728,192862,N
679,8:56.517,193146,N
680,8:57.286,193423,N
681,8:58.064,193703,N
682,8:58.872,193994,N
683,8:59.669,194281,N
684,9:00.483,194574,N
685,9:01.300,194868,N
686,9:02.100,195156,N
687,9:02.850,195426,N
688,9:03.614,195701,N
689,9:04.383,195978,N
690,9:05.189,196268,N
691,9:06.000,196560,N
692,9:06.797,196847,N
693,9:07.589,197132,N
694,9:08.372,197414,N
695,9:09.125,197685,N
696,9:09.861,197950,N
697,9:10.622,198224,N
698,9:11.400,198504,N
699,9:12.197,198791,N
700,9:12.986,199075,N
701,9:13.758,199353,N
702,9:14.497,199619,N
703,9:15.261,199894,N
704,9:16.003,200161,N
705,9:16.761,200434,N
706,9:17.539,200714,N
707,9:18.314,200993,N
708,9:19.086,201271,N
709,9:19.847,201545,N
710,9:20.572,201806,N
711,9:21.297,202067,N
712,9:22.053,202339,N
713,9:22.817,202614,N
714,9:23.600,202896,N
715,9:24.394,203182,N
716,9:25.189,203468,N
717,9:25.947,203741,N
718,9:26.725,204021,N
719,9:27.497,204299,N
720,9:28.261,204574,N
721,9:29.039,204854,N
722,9:29.883,205158,N
723,9:30.719,205459,N
724,9:31.492,205737,N
725,9:32.267,206016,N
726,9:33.022,206288,N
727,9:33.797,206567,N
728,9:34.567,206844,N
729,9:35.361,207130,N
730,9:36.169,207421,N
731,9:37.011,207724,N
732,9:37.789,208004,N
733,9:38.547,208277,N
734,9:39.300,208548,N
735,9:40.061,208822,N
736,9:40.833,209100,N
737,9:41.644,209392,N
738,9:42.453,209683,N
739,9:43.258,209973,N
740,9:44.044,210256,N
741,9:44.817,210534,N
742,9:45.581,210809,N
743,9:46.347,211085,N
744,9:47.122,211364,N
745,9:47.928,211654,N
746,9:48.753,211951,N
747,9:49.522,212228,N
748,9:50.283,212502,N
749,9:51.047,212777,N
750,9:51.828,213058,N
751,9:52.572,213326,N
752,9:53.350,213606,N
753,9:54.150,213894,N
754,9:54.947,214181,N
755,9:55.736,214465,N
756,9:56.494,214738,N
757,9:57.236,215005,N
758,9:58.000,215280,N
759,9:58.786,215563,N
760,9:59.583,215850,N
761,10:00.392,216141,N
762,10:01.197,216431,N
763,10:01.972,216710,N
764,10:02.750,216990,N
765,10:03.522,217268,N
766,10:04.297,217547,N
767,10:05.067,217824,N
768,10:05.894,218122,N
769,10:06.711,218416,N
770,10:07.508,218703,N
771,10:08.256,218972,N
772,10:09.017,219246,N
773,10:09.803,219529,N
774,10:10.592,219813,N
775,10:11.383,220098,N
776,10:12.197,220391,N
777,10:13.031,220691,N
778,10:13.825,220977,N
779,10:14.589,221252,N
780,10:15.353,221527,N
781,10:16.122,221804,N
782,10:16.892,222081,N
783,10:17.708,222375,N
784,10:18.517,222666,N
785,10:19.308,222951,N
786,10:20.075,223227,N
787,10:20.853,223507,N
788,10:21.619,223783,N
789,10:22.353,224047,N
790,10:23.133,224328,N
791,10:23.947,224621,N
792,10:24.764,224915,N
793,10:25.542,225195,N
794,10:26.311,225472,N
795,10:27.064,225743,N
796,10:27.844,226024,N
797,10:28.600,226296,N
798,10:29.369,226573,N
799,10:30.175,226863,N
800,10:30.956,227144,N
801,10:31.742,227427,N
802,10:32.506,227702,N
803,10:33.264,227975,N
804,10:33.994,228238,N
805,10:34.767,228516,N
806,10:35.578,228808,N
807,10:36.372,229094,N
808,10:37.156,229376,N
809,10:37.944,229660,N
810,10:38.711,229936,N
811,10:39.483,230214,N
812,10:40.236,230485,N
813,10:41.003,230761,N
814,10:41.828,231058,N
815,10:42.658,231357,N
816,10:43.439,231638,N
817,10:44.203,231913,N
818,10:44.972,232190,N
819,10:45.719,232459,N
820,10:46.478,232732,N
821,10:47.267,233016,N
822,10:48.058,233301,N
823,10:48.856,233588,N
824,10:49.653,233875,N
825,10:50.419,234151,N
826,10:51.153,234415,N
827,10:51.900,234684,N
828,10:52.664,234959,N
829,10:53.469,235249,N
830,10:54.297,235547,N
831,10:55.078,235828,N
832,10:55.856,236108,N
833,10:56.639,236390,N
834,10:57.400,236664,N
835,10:58.131,236927,N
836,10:58.903,237205,N
837,10:59.708,237495,N
838,11:00.508,237783,N
839,11:01.306,238070,N
840,11:02.064,238343,N
841,11:02.806,238610,N
842,11:03.567,238884,N
843,11:04.325,239157,N
844,11:05.092,239433,N
845,11:05.881,239717,N
846,11:06.656,239996,N
847,11:07.406,240266,N
848,11:08.169,240541,N
849,11:08.914,240809,N
850,11:09.625,241065,N
851,11:10.328,241318,N
852,11:11.078,241588,N
853,11:11.819,241855,N
854,11:12.539,242114,N
855,11:13.258,242373,N
856,11:13.978,242632,N
857,11:14.664,242879,N
858,11:15.367,243132,N
859,11:16.078,243388,N
860,11:16.786,243643,N
861,11:17.522,243908,N
862,11:18.308,244191,N
863,11:19.058,244461,N
864,11:19.803,244729,N
865,11:20.511,244984,N
866,11:21.239,245246,N
867,11:21.986,245515,N
868,11:22.753,245791,N
869,11:23.514,246065,N
870,11:24.311,246352,N
871,11:25.131,246647,N
872,11:25.931,246935,N
873,11:26.669,247201,N
874,11:27.414,247469,N
875,11:28.172,247742,N
876,11:28.936,248017,N
877,11:29.722,248300,N
878,11:30.517,248586,N
879,11:31.328,248878,N
880,11:32.106,249158,N
881,11:32.869,249433,N
882,11:33.628,249706,N
883,11:34.411,249988,N
884,11:35.203,250273,N
885,11:35.994,250558,N
886,11:36.828,250858,N
887,11:37.667,251160,N
888,11:38.447,251441,N
889,11:39.194,251710,N
890,11:39.983,251994,N
891,11:40.792,252285,N
892,11:41.622,252584,N
893,11:42.411,252868,N
894,11:43.219,253159,N
895,11:44.044,253456,N
896,11:44.836,253741,N
897,11:45.583,254010,N
898,11:46.339,254282,N
899,11:47.181,254585,N
900,11:48.031,254891,N
901,11:48.806,255170,N
902,11:49.592,255453,N
903,11:50.383,255738,N
904,11:51.186,256027,N
905,11:51.931,256295,N
906,11:52.700,256572,N
907,11:53.500,256860,N
908,11:54.325,257157,N
909,11:55.108,257439,N
910,11:55.861,257710,N
911,11:56.572,257966,N
912,11:57.294,258226,N
913,11:57.994,258478,N
914,11:58.714,258737,N
915,11:59.458,259005,N
916,12:00.222,259280,N
917,12:00.947,259541,N
918,12:01.697,259811,N
919,12:02.433,260076,N
920,12:03.150,260334,N
921,12:03.847,260585,N
922,12:04.589,260852,N
923,12:05.367,261132,N
924,12:06.158,261417,N
925,12:06.917,261690,N
926,12:07.689,261968,N
927,12:08.447,262241,N
928,12:09.211,262516,N
929,12:09.969,262789,N
930,12:10.728,263062,N
931,12:11.528,263350,N
932,12:12.336,263641,N
933,12:13.142,263931,N
934,12:13.936,264217,N
935,12:14.719,264499,N
936,12:15.478,264772,N
937,12:16.283,265062,N
938,12:17.094,265354,N
939,12:17.919,265651,N
940,12:18.742,265947,N
941,12:19.550,266238,N
942,12:20.356,266528,N
943,12:21.153,266815,N
944,12:21.942,267099,N
945,12:22.708,267375,N
946,12:23.553,267679,N
947,12:24.383,267978,N
948,12:25.167,268260,N
949,12:25.956,268544,N
950,12:26.731,268823,N
951,12:27.506,269102,N
952,12:28.289,269384,N
953,12:29.081,269669,N
954,12:29.889,269960,N
955,12:30.714,270257,N
956,12:31.528,270550,N
957,12:32.281,270821,N
958,12:33.039,271094,N
959,12:33.806,271370,N
960,12:34.600,271656,N
961,12:35.422,271952,N
962,12:36.233,272244,N
963,12:37.036,272533,N
964,12:37.886,272839,N
965,12:38.675,273123,N
966,12:39.428,273394,N
967,12:40.208,273675,N
968,12:41.019,273967,N
969,12:41.844,274264,N
970,12:42.667,274560,N
971,12:43.478,274852,N
972,12:44.253,275131,N
973,12:45.008,275403,N
974,12:45.753,275671,N
975,12:46.525,275949,N
976,12:47.319,276235,N
977,12:48.100,276516,N
978,12:48.900,276804,N
979,12:49.728,277102,N
980,12:50.522,277388,N
981,12:51.247,277649,N
982,12:52.008,277923,N
983,12:52.808,278211,N
984,12:53.661,278518,N
985,12:54.483,278814,N
986,12:55.272,279098,N
987,12:56.061,279382,N
988,12:56.600,279576,A
989,12:57.550,279918,N
990,12:58.358,280209,N
991,12:59.197,280511,N
992,13:00.039,280814,N
993,13:00.861,281110,N
994,13:01.672,281402,N
995,13:02.450,281682,N
996,13:03.208,281955,N
997,13:03.978,282232,N
998,13:04.758,282513,N
999,13:05.558,282801,N
1000,13:06.378,283096,N
1001,13:07.192,283389,N
1002,13:07.978,283672,N
1003,13:08.733,283944,N
1004,13:09.489,284216,N
1005,13:10.253,284491,N
1006,13:11.050,284778,N
1007,13:11.869,285073,N
1008,13:12.675,285363,N
1009,13:13.481,285653,N
1010,13:14.267,285936,N
1011,13:15.028,286210,N
1012,13:15.794,286486,N
1013,13:16.564,286763,N
1014,13:17.364,287051,N
1015,13:18.203,287353,N
1016,13:19.042,287655,N
1017,13:19.844,287944,N
1018,13:20.625,288225,N
1019,13:21.406,288506,N
1020,13:22.200,288792,N
1021,13:22.989,289076,N
1022,13:23.814,289373,N
1023,13:24.631,289667,N
1024,13:25.475,289971,N
1025,13:26.269,290257,N
1026,13:27.050,290538,N
1027,13:27.814,290813,N
1028,13:28.636,291109,N
1029,13:29.464,291407,N
1030,13:30.267,291696,N
1031,13:31.083,291990,N
1032,13:31.892,292281,N
1033,13:32.683,292566,N
1034,13:33.456,292844,N
1035,13:34.231,293123,N
1036,13:35.031,293411,N
1037,13:35.867,293712,N
1038,13:36.697,294011,N
1039,13:37.489,294296,N
1040,13:38.281,294581,N
1041,13:39.047,294857,N
1042,13:39.839,295142,N
1043,13:40.614,295421,N
1044,13:41.436,295717,N
1045,13:42.258,296013,N
1046,13:43.108,296319,N
1047,13:43.919,296611,N
1048,13:44.692,296889,N
1049,13:45.469,297169,N
1050,13:46.250,297450,N
1051,13:47.050,297738,N
1052,13:47.867,298032,N
1053,13:48.706,298334,N
1054,13:49.519,298627,N
1055,13:50.333,298920,N
1056,13:51.128,299206,N
1057,13:51.897,299483,N
1058,13:52.656,299756,N
1059,13:53.475,300051,N
1060,13:54.333,300360,N
1061,13:55.172,300662,N
1062,13:55.944,300940,N
1063,13:56.694,301210,N
1064,13:57.483,301494,N
1065,13:58.281,301781,N
1066,13:59.064,302063,N
1067,13:59.853,302347,N
1068,14:00.678,302644,N
1069,14:01.519,302947,N
1070,14:02.333,303240,N
1071,14:03.064,303503,N
1072,14:03.814,303773,N
1073,14:04.625,304065,N
1074,14:05.447,304361,N
1075,14:06.219,304639,N
1076,14:07.008,304923,N
1077,14:07.808,305211,N
1078,14:08.603,305497,N
1079,14:09.192,305709,A
1080,14:10.097,306035,N
1081,14:10.936,306337,N
1082,14:11.781,306641,N
1083,14:12.619,306943,N
1084,14:13.428,307234,N
1085,14:14.206,307514,N
1086,14:14.847,307745,A
1087,14:15.728,308062,N
1088,14:16.525,308349,N
1089,14:17.292,308625,N
1090,14:18.089,308912,N
1091,14:18.933,309216,N
1092,14:19.764,309515,N
1093,14:20.500,309780,N
1094,14:21.256,310052,N
1095,14:22.033,310332,N
1096,14:22.850,310626,N
1097,14:23.650,310914,N
1098,14:24.442,311199,N
1099,14:25.244,311488,N
1100,14:26.064,311783,N
1101,14:26.839,312062,N
1102,14:27.575,312327,N
1103,14:28.347,312605,N
1104,14:28.958,312825,A
1105,14:29.981,313193,N
1106,14:30.856,313508,N
1107,14:31.689,313808,N
1108,14:32.472,314090,N
1109,14:33.258,314373,N
1110,14:34.067,314664,N
1111,14:34.867,314952,N
1112,14:35.681,315245,N
1113,14:36.503,315541,N
1114,14:37.342,315843,N
1115,14:38.156,316136,N
1116,14:38.931,316415,N
1117,14:39.703,316693,N
1118,14:40.500,316980,N
1119,14:41.294,317266,N
1120,14:42.111,317560,N
1121,14:42.736,317785,A
1122,14:43.736,318145,N
1123,14:44.550,318438,N
1124,14:45.358,318729,N
1125,14:46.142,319011,N
1126,14:46.731,319223,A
1127,14:47.739,319586,N
1128,14:48.622,319904,N
1129,14:49.458,320205,N
1130,14:50.258,320493,N
1131,14:51.072,320786,N
1132,14:51.867,321072,N
1133,14:52.697,321371,N
1134,14:53.508,321663,N
1135,14:54.356,321968,N
1136,14:55.208,322275,N
1137,14:56.036,322573,N
1138,14:56.822,322856,N
1139,14:57.606,323138,N
1140,14:58.403,323425,N
1141,14:59.250,323730,N
1142,15:00.122,324044,N
1143,15:00.944,324340,N
1144,15:01.781,324641,N
1145,15:02.581,324929,N
1146,15:03.375,325215,N
1147,15:04.153,325495,N
1148,15:04.950,325782,N
1149,15:05.800,326088,N
1150,15:06.653,326395,N
1151,15:07.494,326698,N
1152,15:08.294,326986,N
1153,15:09.100,327276,N
1154,15:09.906,327566,N
1155,15:10.717,327858,N
1156,15:11.525,328149,N
1157,15:12.367,328452,N
1158,15:13.203,328753,N
1159,15:14.044,329056,N
1160,15:14.831,329339,N
1161,15:15.608,329619,N
1162,15:16.422,329912,N
1163,15:17.267,330216,N
1164,15:18.122,330524,N
1165,15:18.942,330819,N
1166,15:19.789,331124,N
1167,15:20.586,331411,N
1168,15:21.400,331704,N
1169,15:22.192,331989,N
1170,15:22.997,332279,N
1171,15:23.856,332588,N
1172,15:24.714,332897,N
1173,15:25.553,333199,N
1174,15:26.331,333479,N
1175,15:27.133,333768,N
1176,15:27.933,334056,N
1177,15:28.744,334348,N
1178,15:29.564,334643,N
1179,15:30.397,334943,N
1180,15:31.244,335248,N
1181,15:32.064,335543,N
1182,15:32.842,335823,N
1183,15:33.611,336100,N
1184,15:34.403,336385,N
1185,15:35.219,336679,N
1186,15:36.053,336979,N
1187,15:36.892,337281,N
1188,15:37.697,337571,N
1189,15:38.506,337862,N
1190,15:39.292,338145,N
1191,15:40.089,338432,N
1192,15:40.889,338720,N
1193,15:41.736,339025,N
1194,15:42.575,339327,N
1195,15:43.428,339634,N
1196,15:44.239,339926,N
1197,15:45.014,340205,N
1198,15:45.811,340492,N
1199,15:46.611,340780,N
1200,15:47.431,341075,N
1201,15:48.275,341379,N
1202,15:49.122,341684,N
1203,15:49.928,341974,N
1204,15:50.739,342266,N
1205,15:51.519,342547,N
1206,15:52.283,342822,N
1207,15:53.097,343115,N
1208,15:53.914,343409,N
1209,15:54.736,343705,N
1210,15:55.542,343995,N
1211,15:56.331,344279,N
1212,15:57.100,344556,N
1213,15:57.897,344843,N
1214,15:58.692,345129,N
1215,15:59.486,345415,N
1216,16:00.339,345722,N
1217,16:01.158,346017,N
1218,16:01.967,346308,N
1219,16:02.767,346596,N
1220,16:03.344,346804,A
1221,16:04.297,347147,N
1222,16:05.150,347454,N
1223,16:05.997,347759,N
1224,16:06.842,348063,N
1225,16:07.686,348367,N
1226,16:08.494,348658,N
1227,16:09.261,348934,N
1228,16:10.058,349221,N
1229,16:10.839,349502,N
1230,16:11.678,349804,N
1231,16:12.533,350112,N
1232,16:13.361,350410,N
1233,16:14.144,350692,N
1234,16:14.944,350980,N
1235,16:15.736,351265,N
1236,16:16.336,351481,A
1237,16:17.281,351821,N
1238,16:18.097,352115,N
1239,16:18.933,352416,N
1240,16:19.753,352711,N
1241,16:20.517,352986,N
1242,16:21.269,353257,N
1243,16:22.075,353547,N
1244,16:22.867,353832,N
1245,16:23.689,354128,N
1246,16:24.517,354426,N
1247,16:25.325,354717,N
1248,16:26.153,355015,N
1249,16:26.950,355302,N
1250,16:27.719,355579,N
1251,16:28.494,355858,N
1252,16:29.347,356165,N
1253,16:30.175,356463,N
1254,16:30.994,356758,N
1255,16:31.792,357045,N
1256,16:32.575,357327,N
1257,16:33.361,357610,N
1258,16:34.167,357900,N
1259,16:34.961,358186,N
1260,16:35.783,358482,N
1261,16:36.633,358788,N
1262,16:37.461,359086,N
1263,16:38.236,359365,N
1264,16:38.983,359634,N
1265,16:39.731,359903,N
1266,16:40.506,360182,N
1267,16:41.308,360471,N
1268,16:42.119,360763,N
1269,16:42.919,361051,N
1270,16:43.731,361343,N
1271,16:44.514,361625,N
1272,16:45.261,361894,N
1273,16:46.006,362162,N
1274,16:46.808,362451,N
1275,16:47.589,362732,N
1276,16:48.406,363026,N
1277,16:49.217,363318,N
1278,16:50.017,363606,N
1279,16:50.772,363878,N
1280,16:51.550,364158,N
1281,16:52.350,364446,N
1282,16:53.139,364730,N
1283,16:53.950,365022,N
1284,16:54.806,365330,N
1285,16:55.667,365640,N
1286,16:56.428,365914,N
1287,16:57.197,366191,N
1288,16:58.006,366482,N
1289,16:58.828,366778,N
1290,16:59.619,367063,N
1291,17:00.453,367363,N
1292,17:01.317,367674,N
1293,17:02.111,367960,N
1294,17:02.908,368247,N
1295,17:03.697,368531,N
1296,17:04.511,368824,N
1297,17:05.303,369109,N
1298,17:06.139,369410,N
1299,17:06.983,369714,N
1300,17:07.806,370010,N
1301,17:08.553,370279,N
1302,17:09.325,370557,N
1303,17:10.117,370842,N
1304,17:10.919,371131,N
1305,17:11.683,371406,N
1306,17:12.508,371703,N
1307,17:13.353,372007,N
1308,17:14.164,372299,N
1309,17:14.881,372557,N
1310,17:15.650,372834,N
1311,17:16.453,373123,N
1312,17:17.300,373428,N
1313,17:18.089,373712,N
1314,17:18.889,374000,N
1315,17:19.731,374303,N
1316,17:20.542,374595,N
1317,17:21.264,374855,N
1318,17:22.011,375124,N
1319,17:22.811,375412,N
1320,17:23.653,375715,N
1321,17:24.439,375998,N
1322,17:25.242,376287,N
1323,17:26.044,376576,N
1324,17:26.836,376861,N
1325,17:27.447,377081,A
1326,17:28.344,377404,N
1327,17:29.167,377700,N
1328,17:30.014,378005,N
1329,17:30.856,378308,N
1330,17:31.689,378608,N
1331,17:32.461,378886,N
1332,17:33.219,379159,N
1333,17:33.997,379439,N
1334,17:34.808,379731,N
1335,17:35.619,380023,N
1336,17:36.422,380312,N
1337,17:37.250,380610,N
1338,17:38.050,380898,N
1339,17:38.814,381173,N
1340,17:39.589,381452,N
1341,17:40.344,381724,N
1342,17:41.150,382014,N
1343,17:41.967,382308,N
1344,17:42.797,382607,N
1345,17:43.597,382895,N
1346,17:44.397,383183,N
1347,17:45.158,383457,N
1348,17:45.953,383743,N
1349,17:46.742,384027,N
1350,17:47.547,384317,N
1351,17:48.372,384614,N
1352,17:49.208,384915,N
1353,17:50.014,385205,N
1354,17:50.797,385487,N
1355,17:51.578,385768,N
1356,17:52.361,386050,N
1357,17:53.192,386349,N
1358,17:54.025,386649,N
1359,17:54.836,386941,N
1360,17:55.669,387241,N
1361,17:56.481,387533,N
1362,17:57.253,387811,N
1363,17:58.011,388084,N
1364,17:58.814,388373,N
1365,17:59.642,388671,N
1366,18:00.497,388979,N
1367,18:01.325,389277,N
1368,18:02.119,389563,N
1369,18:02.944,389860,N
1370,18:03.747,390149,N
1371,18:04.539,390434,N
1372,18:05.361,390730,N
1373,18:06.219,391039,N
1374,18:07.067,391344,N
1375,18:07.892,391641,N
1376,18:08.678,391924,N
1377,18:09.456,392204,N
1378,18:10.258,392493,N
1379,18:11.056,392780,N
1380,18:11.881,393077,N
1381,18:12.714,393377,N
1382,18:13.539,393674,N
1383,18:14.325,393957,N
1384,18:15.119,394243,N
1385,18:15.886,394519,N
1386,18:16.669,394801,N
1387,18:17.489,395096,N
1388,18:18.336,395401,N
1389,18:19.158,395697,N
1390,18:19.969,395989,N
1391,18:20.744,396268,N
1392,18:21.536,396553,N
1393,18:22.347,396845,N
1394,18:23.147,397133,N
1395,18:23.708,397335,A
1396,18:24.733,397704,N
1397,18:25.575,398007,N
1398,18:26.372,398294,N
1399,18:27.136,398569,N
1400,18:27.925,398853,N
1401,18:28.719,399139,N
1402,18:29.544,399436,N
1403,18:30.361,399730,N
1404,18:31.175,400023,N
1405,18:32.003,400321,N
1406,18:32.775,400599,N
1407,18:33.547,400877,N
1408,18:34.342,401163,N
1409,18:35.147,401453,N
1410,18:35.992,401757,N
1411,18:36.836,402061,N
1412,18:37.669,402361,N
1413,18:38.461,402646,N
1414,18:39.258,402933,N
1415,18:40.042,403215,N
1416,18:40.858,403509,N
1417,18:41.678,403804,N
1418,18:42.500,404100,N
1419,18:43.342,404403,N
1420,18:44.158,404697,N
1421,18:44.944,404980,N
1422,18:45.708,405255,N
1423,18:46.508,405543,N
1424,18:47.322,405836,N
1425,18:48.142,406131,N
1426,18:48.958,406425,N
1427,18:49.764,406715,N
1428,18:50.569,407005,N
1429,18:51.356,407288,N
1430,18:52.108,407559,N
1431,18:52.914,407849,N
1432,18:53.753,408151,N
1433,18:54.589,408452,N
1434,18:55.406,408746,N
1435,18:56.194,409030,N
1436,18:56.983,409314,N
1437,18:57.769,409597,N
1438,18:58.558,409881,N
1439,18:59.381,410177,N
1440,19:00.214,410477,N
1441,19:01.058,410781,N
1442,19:01.864,411071,N
1443,19:02.644,411352,N
1444,19:03.422,411632,N
1445,19:04.208,411915,N
1446,19:05.017,412206,N
1447,19:05.867,412512,N
1448,19:06.711,412816,N
1449,19:07.525,413109,N
1450,19:08.339,413402,N
1451,19:09.144,413692,N
1452,19:09.914,413969,N
1453,19:10.692,414249,N
1454,19:11.503,414541,N
1455,19:12.353,414847,N
1456,19:13.175,415143,N
1457,19:13.972,415430,N
1458,19:14.731,415703,N
1459,19:15.539,415994,N
1460,19:16.319,416275,N
1461,19:17.097,416555,N
1462,19:17.914,416849,N
1463,19:18.756,417152,N
1464,19:19.569,417445,N
1465,19:20.356,417728,N
1466,19:21.128,418006,N
1467,19:21.897,418283,N
1468,19:22.714,418577,N
1469,19:23.517,418866,N
1470,19:24.319,419155,N
1471,19:25.147,419453,N
1472,19:25.958,419745,N
1473,19:26.728,420022,N
1474,19:27.506,420302,N
1475,19:28.286,420583,N
1476,19:29.092,420873,N
1477,19:29.925,421173,N
1478,19:30.761,421474,N
1479,19:31.572,421766,N
1480,19:32.206,421994,A
1481,19:33.111,422320,N
1482,19:33.897,422603,N
1483,19:34.494,422818,A
1484,19:35.456,423164,N
1485,19:36.283,423462,N
1486,19:37.131,423767,N
1487,19:37.956,424064,N
1488,19:38.719,424339,N
1489,19:39.489,424616,N
1490,19:40.258,424893,N
1491,19:41.078,425188,N
1492,19:41.919,425491,N
1493,19:42.744,425788,N
1494,19:43.550,426078,N
1495,19:44.389,426380,N
1496,19:45.169,426661,N
1497,19:45.939,426938,N
1498,19:46.736,427225,N
1499,19:47.564,427523,N
1500,19:48.408,427827,N
1501,19:49.247,428129,N
1502,19:50.036,428413,N
1503,19:50.828,428698,N
1504,19:51.644,428992,N
1505,19:52.433,429276,N
1506,19:53.217,429558,N
1507,19:54.075,429867,N
1508,19:54.903,430165,N
1509,19:55.750,430470,N
1510,19:56.539,430754,N
1511,19:57.317,431034,N
1512,19:58.097,431315,N
1513,19:58.931,431615,N
1514,19:59.750,431910,N
1515,20:00.581,432209,N
1516,20:01.414,432509,N
1517,20:02.219,432799,N
1518,20:03.006,433082,N
1519,20:03.789,433364,N
1520,20:04.578,433648,N
1521,20:05.114,433841,A
1522,20:06.142,434211,N
1523,20:06.981,434513,N
1524,20:07.806,434810,N
1525,20:08.600,435096,N
1526,20:09.361,435370,N
1527,20:10.161,435658,N
1528,20:10.975,435951,N
1529,20:11.525,436149,A
1530,20:12.533,436512,N
1531,20:13.386,436819,N
1532,20:14.217,437118,N
1533,20:15.000,437400,N
1534,20:15.783,437682,N
1535,20:16.569,437965,N
1536,20:17.411,438268,N
1537,20:18.250,438570,N
1538,20:19.069,438865,N
1539,20:19.883,439158,N
1540,20:20.706,439454,N
1541,20:21.500,439740,N
1542,20:22.283,440022,N
1543,20:23.089,440312,N
1544,20:23.950,440622,N
1545,20:24.817,440934,N
1546,20:25.639,441230,N
1547,20:26.439,441518,N
1548,20:27.261,441814,N
1549,20:28.081,442109,N
1550,20:28.906,442406,N
1551,20:29.508,442623,A
1552,20:30.533,442992,N
1553,20:31.400,443304,N
1554,20:32.239,443606,N
1555,20:33.022,443888,N
1556,20:33.819,444175,N
1557,20:34.647,444473,N
1558,20:35.292,444705,A
1559,20:36.278,445060,N
1560,20:37.117,445362,N
1561,20:37.939,445658,N
1562,20:38.744,445948,N
1563,20:39.517,446226,N
1564,20:40.297,446507,N
1565,20:41.111,446800,N
1566,20:41.956,447104,N
1567,20:42.783,447402,N
1568,20:43.597,447695,N
1569,20:44.389,447980,N
1570,20:45.178,448264,N
1571,20:45.967,448548,N
1572,20:46.761,448834,N
1573,20:47.603,449137,N
1574,20:48.447,449441,N
1575,20:49.300,449748,N
1576,20:50.106,450038,N
1577,20:50.903,450325,N
1578,20:51.686,450607,N
1579,20:52.486,450895,N
1580,20:53.314,451193,N
1581,20:54.169,451501,N
1582,20:55.014,451805,N
1583,20:55.836,452101,N
1584,20:56.639,452390,N
1585,20:57.439,452678,N
1586,20:58.219,452959,N
1587,20:59.028,453250,N
1588,20:59.847,453545,N
1589,21:00.700,453852,N
1590,21:01.539,454154,N
1591,21:02.344,454444,N
1592,21:02.919,454651,A
1593,21:03.881,454997,N
1594,21:04.703,455293,N
1595,21:05.522,455588,N
1596,21:06.356,455888,N
1597,21:07.192,456189,N
1598,21:08.019,456487,N
1599,21:08.808,456771,N
1600,21:09.569,457045,N
1601,21:10.369,457333,N
1602,21:11.206,457634,N
1603,21:12.047,457937,N
1604,21:12.689,458168,A
1605,21:13.678,458524,N
1606,21:14.489,458816,N
1607,21:15.286,459103,N
1608,21:16.056,459380,N
1609,21:16.844,459664,N
1610,21:17.683,459966,N
1611,21:18.542,460275,N
1612,21:19.364,460571,N
1613,21:20.161,460858,N
1614,21:20.967,461148,N
1615,21:21.758,461433,N
1616,21:22.558,461721,N
1617,21:23.372,462014,N
1618,21:24.206,462314,N
1619,21:25.058,462621,N
1620,21:25.886,462919,N
1621,21:26.658,463197,N
1622,21:27.447,463481,N
1623,21:28.236,463765,N
1624,21:29.025,464049,N
1625,21:29.892,464361,N
1626,21:30.733,464664,N
1627,21:31.556,464960,N
1628,21:32.381,465257,N
1629,21:33.161,465538,N
1630,21:33.944,465820,N
1631,21:34.733,466104,N
1632,21:35.567,466404,N
1633,21:36.408,466707,N
1634,21:37.250,467010,N
1635,21:38.078,467308,N
1636,21:38.858,467589,N
1637,21:39.661,467878,N
1638,21:40.456,468164,N
1639,21:41.275,468459,N
1640,21:42.117,468762,N
1641,21:42.958,469065,N
1642,21:43.786,469363,N
1643,21:44.611,469660,N
1644,21:45.394,469942,N
1645,21:46.194,470230,N
1646,21:47.028,470530,N
1647,21:47.881,470837,N
1648,21:48.719,471139,N
1649,21:49.567,471444,N
1650,21:50.353,471727,N
1651,21:51.164,472019,N
1652,21:51.956,472304,N
1653,21:52.747,472589,N
1654,21:53.575,472887,N
1655,21:54.447,473201,N
1656,21:55.272,473498,N
1657,21:56.089,473792,N
1658,21:56.872,474074,N
1659,21:57.672,474362,N
1660,21:58.478,474652,N
1661,21:59.283,474942,N
1662,22:00.103,475237,N
1663,22:00.964,475547,N
1664,22:01.808,475851,N
1665,22:02.600,476136,N
1666,22:03.381,476417,N
1667,22:04.181,476705,N
1668,22:05.000,477000,N
1669,22:05.853,477307,N
1670,22:06.678,477604,N
1671,22:07.494,477898,N
1672,22:08.319,478195,N
1673,22:09.111,478480,N
1674,22:09.881,478757,N
1675,22:10.667,479040,N
1676,22:11.478,479332,N
1677,22:12.314,479633,N
1678,22:13.142,479931,N
1679,22:13.939,480218,N
1680,22:14.706,480494,N
1681,22:15.497,480779,N
1682,22:16.269,481057,N
1683,22:17.056,481340,N
1684,22:17.892,481641,N
1685,22:18.725,481941,N
1686,22:19.553,482239,N
1687,22:20.347,482525,N
1688,22:21.114,482801,N
1689,22:21.864,483071,N
1690,22:22.639,483350,N
1691,22:23.428,483634,N
1692,22:24.250,483930,N
1693,22:25.056,484220,N
1694,22:25.853,484507,N
1695,22:26.628,484786,N
1696,22:27.425,485073,N
1697,22:28.200,485352,N
1698,22:29.003,485641,N
1699,22:29.831,485939,N
1700,22:30.703,486253,N
1701,22:31.544,486556,N
1702,22:32.344,486844,N
1703,22:33.136,487129,N
1704,22:33.953,487423,N
1705,22:34.775,487719,N
1706,22:35.606,488018,N
1707,22:36.444,488320,N
1708,22:37.319,488635,N
1709,22:38.142,488931,N
1710,22:38.928,489214,N
1711,22:39.714,489497,N
1712,22:40.522,489788,N
1713,22:41.361,490090,N
1714,22:42.203,490393,N
1715,22:43.042,490695,N
1716,22:43.872,490994,N
1717,22:44.686,491287,N
1718,22:45.472,491570,N
1719,22:46.250,491850,N
1720,22:47.069,492145,N
1721,22:47.903,492445,N
1722,22:48.750,492750,N
1723,22:49.572,493046,N
1724,22:50.389,493340,N
1725,22:51.175,493623,N
1726,22:51.983,493914,N
1727,22:52.775,494199,N
1728,22:53.586,494491,N
1729,22:54.414,494789,N
1730,22:55.236,495085,N
1731,22:56.028,495370,N
1732,22:56.803,495649,N
1733,22:57.567,495924,N
1734,22:58.336,496201,N
1735,22:59.164,496499,N
1736,22:59.756,496712,A
1737,23:00.761,497074,N
1738,23:01.600,497376,N
1739,23:02.400,497664,N
1740,23:03.181,497945,N
1741,23:03.972,498230,N
1742,23:04.769,498517,N
1743,23:05.589,498812,N
1744,23:06.428,499114,N
1745,23:07.269,499417,N
1746,23:08.058,499701,N
1747,23:08.853,499987,N
1748,23:09.633,500268,N
1749,23:10.414,500549,N
1750,23:11.242,500847,N
1751,23:12.069,501145,N
1752,23:12.911,501448,N
1753,23:13.736,501745,N
1754,23:14.553,502039,N
1755,23:15.322,502316,N
1756,23:16.114,502601,N
1757,23:16.911,502888,N
1758,23:17.753,503191,N
1759,23:18.600,503496,N
1760,23:19.428,503794,N
1761,23:20.222,504080,N
1762,23:21.033,504372,N
1763,23:21.817,504654,N
1764,23:22.600,504936,N
1765,23:23.408,505227,N
1766,23:24.244,505528,N
1767,23:25.083,505830,N
1768,23:25.903,506125,N
1769,23:26.661,506398,N
1770,23:27.442,506679,N
1771,23:28.247,506969,N
1772,23:29.044,507256,N
1773,23:29.867,507552,N
1774,23:30.708,507855,N
1775,23:31.553,508159,N
1776,23:32.375,508455,N
1777,23:33.178,508744,N
1778,23:33.942,509019,N
1779,23:34.775,509319,N
1780,23:35.619,509623,N
1781,23:36.453,509923,N
1782,23:37.278,510220,N
1783,23:38.111,510520,N
1784,23:38.900,510804,N
1785,23:39.703,511093,N
1786,23:40.475,511371,N
1787,23:41.278,511660,N
1788,23:42.139,511970,N
1789,23:42.992,512277,N
1790,23:43.797,512567,N
1791,23:44.586,512851,N
1792,23:45.375,513135,N
1793,23:46.178,513424,N
1794,23:46.997,513719,N
1795,23:47.817,514014,N
1796,23:48.661,514318,N
1797,23:49.522,514628,N
1798,23:50.331,514919,N
1799,23:51.094,515194,N
1800,23:51.878,515476,N
1801,23:52.672,515762,N
1802,23:53.514,516065,N
1803,23:54.364,516371,N
1804,23:55.186,516667,N
1805,23:56.028,516970,N
1806,23:56.850,517266,N
1807,23:57.647,517553,N
1808,23:58.422,517832,N
1809,23:59.242,518127,N
1810,24:00.072,518426,N
1811,24:00.928,518734,N
1812,24:01.744,519028,N
1813,24:02.519,519307,N
1814,24:03.317,519594,N
1815,24:04.117,519882,N
1816,24:04.858,520149,N
1817,24:05.731,520463,N
1818,24:06.578,520768,N
1819,24:07.172,520982,A
1820,24:08.172,521342,N
1821,24:08.964,521627,N
1822,24:09.758,521913,N
1823,24:10.581,522209,N
1824,24:11.419,522511,N
1825,24:12.264,522815,N
1826,24:13.100,523116,N
1827,24:13.933,523416,N
1828,24:14.744,523708,N
1829,24:15.553,523999,N
1830,24:16.331,524279,N
1831,24:17.158,524577,N
1832,24:18.028,524890,N
1833,24:18.883,525198,N
1834,24:19.700,525492,N
1835,24:20.500,525780,N
1836,24:21.289,526064,N
1837,24:22.097,526355,N
1838,24:22.906,526646,N
1839,24:23.725,526941,N
1840,24:24.564,527243,N
1841,24:25.414,527549,N
1842,24:26.217,527838,N
1843,24:26.994,528118,N
1844,24:27.783,528402,N
1845,24:28.581,528689,N
1846,24:29.419,528991,N
1847,24:30.258,529293,N
1848,24:31.108,529599,N
1849,24:31.936,529897,N
1850,24:32.753,530191,N
1851,24:33.531,530471,N
1852,24:34.339,530762,N
1853,24:35.158,531057,N
1854,24:35.994,531358,N
1855,24:36.856,531668,N
1856,24:37.686,531967,N
1857,24:38.492,532257,N
1858,24:39.289,532544,N
1859,24:40.078,532828,N
1860,24:40.892,533121,N
1861,24:41.711,533416,N
1862,24:42.553,533719,N
1863,24:43.367,534012,N
1864,24:44.186,534307,N
1865,24:44.978,534592,N
1866,24:45.758,534873,N
1867,24:46.558,535161,N
1868,24:47.386,535459,N
1869,24:48.244,535768,N
1870,24:49.075,536067,N
1871,24:49.900,536364,N
1872,24:50.678,536644,N
1873,24:51.472,536930,N
1874,24:52.256,537212,N
1875,24:53.069,537505,N
1876,24:53.917,537810,N
1877,24:54.764,538115,N
1878,24:55.614,538421,N
1879,24:56.408,538707,N
1880,24:57.203,538993,N
1881,24:57.994,539278,N
1882,24:58.819,539575,N
1883,24:59.650,539874,N
1884,25:00.478,540172,N
1885,25:01.311,540472,N
1886,25:02.133,540768,N
1887,25:02.922,541052,N
1888,25:03.706,541334,N
1889,25:04.489,541616,N
1890,25:05.322,541916,N
1891,25:06.183,542226,N
1892,25:07.025,542529,N
1893,25:07.847,542825,N
1894,25:08.656,543116,N
1895,25:09.464,543407,N
1896,25:10.247,543689,N
1897,25:11.064,543983,N
1898,25:11.903,544285,N
1899,25:12.750,544590,N
1900,25:13.597,544895,N
1901,25:14.394,545182,N
1902,25:15.153,545455,N
1903,25:15.947,545741,N
1904,25:16.728,546022,N
1905,25:17.517,546306,N
1906,25:18.331,546599,N
1907,25:18.867,546792,V
1908,25:19.997,547199,N
1909,25:20.783,547482,N
1910,25:21.550,547758,N
1911,25:22.311,548032,N
1912,25:23.150,548334,N
1913,25:23.978,548632,N
1914,25:24.794,548926,N
1915,25:25.603,549217,N
1916,25:26.394,549502,N
1917,25:27.178,549784,N
1918,25:27.972,550070,N
1919,25:28.744,550348,N
1920,25:29.553,550639,N
1921,25:30.422,550952,N
1922,25:31.258,551253,N
1923,25:32.033,551532,N
1924,25:32.819,551815,N
1925,25:33.600,552096,N
1926,25:34.403,552385,N
1927,25:35.222,552680,N
1928,25:36.039,552974,N
1929,25:36.894,553282,N
1930,25:37.744,553588,N
1931,25:38.544,553876,N
1932,25:39.317,554154,N
1933,25:40.108,554439,N
1934,25:40.897,554723,N
1935,25:41.739,555026,N
1936,25:42.564,555323,N
1937,25:43.369,555613,N
1938,25:44.206,555914,N
1939,25:45.008,556203,N
1940,25:45.794,556486,N
1941,25:46.569,556765,N
1942,25:47.378,557056,N
1943,25:48.225,557361,N
1944,25:49.075,557667,N
1945,25:49.894,557962,N
1946,25:50.661,558238,N
1947,25:51.464,558527,N
1948,25:52.258,558813,N
1949,25:53.061,559102,N
1950,25:53.875,559395,N
1951,25:54.708,559695,N
1952,25:55.547,559997,N
1953,25:56.375,560295,N
1954,25:57.156,560576,N
1955,25:57.906,560846,N
1956,25:58.725,561141,N
1957,25:59.542,561435,N
1958,26:00.367,561732,N
1959,26:01.164,562019,N
1960,26:01.967,562308,N
1961,26:02.753,562591,N
1962,26:03.367,562812,A
1963,26:04.281,563141,N
1964,26:05.064,563423,N
1965,26:05.919,563731,N
1966,26:06.750,564030,N
1967,26:07.556,564320,N
1968,26:08.336,564601,N
1969,26:09.119,564883,N
1970,26:09.900,565164,N
1971,26:10.700,565452,N
1972,26:11.503,565741,N
1973,26:12.336,566041,N
1974,26:12.942,566259,A
1975,26:13.931,566615,N
1976,26:14.719,566899,N
1977,26:15.514,567185,N
1978,26:16.053,567379,A
1979,26:17.003,567721,N
1980,26:17.853,568027,N
1981,26:18.683,568326,N
1982,26:19.511,568624,N
1983,26:20.331,568919,N
1984,26:21.122,569204,N
1985,26:21.894,569482,N
1986,26:22.672,569762,N
1987,26:23.494,570058,N
1988,26:24.350,570366,N
1989,26:25.189,570668,N
1990,26:25.992,570957,N
1991,26:26.794,571246,N
1992,26:27.606,571538,N
1993,26:28.419,571831,N
1994,26:29.228,572122,N
1995,26:30.078,572428,N
1996,26:30.917,572730,N
1997,26:31.778,573040,N
1998,26:32.578,573328,N
1999,26:33.356,573608,N
2000,26:34.147,573893,N
2001,26:34.981,574193,N
2002,26:35.636,574429,A
2003,26:36.628,574786,N
2004,26:37.486,575095,N
2005,26:38.297,575387,N
2006,26:39.106,575678,N
2007,26:39.886,575959,N
2008,26:40.689,576248,N
2009,26:41.531,576551,N
2010,26:42.394,576862,N
2011,26:43.228,577162,N
2012,26:44.044,577456,N
2013,26:44.836,577741,N
2014,26:45.625,578025,N
2015,26:46.417,578310,N
2016,26:47.222,578600,N
2017,26:48.058,578901,N
2018,26:48.900,579204,N
2019,26:49.578,579448,A
2020,26:50.528,579790,N
2021,26:51.317,580074,N
2022,26:52.103,580357,N
2023,26:52.911,580648,N
2024,26:53.742,580947,N
2025,26:54.572,581246,N
2026,26:55.397,581543,N
2027,26:56.206,581834,N
2028,26:56.997,582119,N
2029,26:57.764,582395,N
2030,26:58.522,582668,N
2031,26:59.219,582919,N
2032,27:00.108,583239,N
2033,27:00.942,583539,N
2034,27:01.725,583821,N
2035,27:02.492,584097,N
2036,27:03.231,584363,N
2037,27:03.986,584635,N
2038,27:04.731,584903,N
2039,27:05.486,585175,N
2040,27:06.261,585454,N
2041,27:07.031,585731,N
2042,27:07.808,586011,N
2043,27:08.542,586275,N
2044,27:09.236,586525,N
2045,27:09.919,586771,N
2046,27:10.639,587030,N
2047,27:11.386,587299,N
2048,27:12.144,587572,N
2049,27:12.897,587843,N
2050,27:13.647,588113,N
2051,27:14.381,588377,N
2052,27:15.119,588643,N
2053,27:15.847,588905,N
2054,27:16.603,589177,N
2055,27:17.372,589454,N
2056,27:18.186,589747,N
2057,27:19.000,590040,N
2058,27:19.767,590316,N
2059,27:20.522,590588,N
2060,27:21.286,590863,N
2061,27:22.064,591143,N
2062,27:22.825,591417,N
2063,27:23.628,591706,N
2064,27:24.442,591999,N
2065,27:25.244,592288,N
2066,27:26.031,592571,N
2067,27:26.814,592853,N
2068,27:27.411,593068,A
2069,27:28.297,593387,N
2070,27:29.119,593683,N
2071,27:29.972,593990,N
2072,27:30.778,594280,N
2073,27:31.564,594563,N
2074,27:32.375,594855,N
2075,27:33.131,595127,N
2076,27:33.894,595402,N
2077,27:34.694,595690,N
2078,27:35.533,595992,N
2079,27:36.328,596278,N
2080,27:37.178,596584,N
2081,27:37.997,596879,N
2082,27:38.711,597136,N
2083,27:39.450,597402,N
2084,27:40.194,597670,N
2085,27:40.903,597925,N
2086,27:41.628,598186,N
2087,27:42.383,598458,N
2088,27:43.092,598713,N
2089,27:43.803,598969,N
2090,27:44.506,599222,N
2091,27:45.189,599468,N
2092,27:45.842,599703,N
2093,27:46.533,599952,N
2094,27:47.261,600214,N
2095,27:48.008,600483,N
2096,27:48.719,600739,N
2097,27:49.475,601011,N
2098,27:50.203,601273,N
2099,27:50.936,601537,N
2100,27:51.664,601799,N
2101,27:52.400,602064,N
2102,27:53.139,602330,N
2103,27:53.917,602610,N
2104,27:54.703,602893,N
2105,27:55.497,603179,N
2106,27:56.264,603455,N
2107,27:57.006,603722,N
2108,27:57.747,603989,N
2109,27:58.547,604277,N
2110,27:59.344,604564,N
2111,28:00.122,604844,N
2112,28:00.967,605148,N
2113,28:01.831,605459,N
2114,28:02.603,605737,N
2115,28:03.356,606008,N
2116,28:04.147,606293,N
2117,28:04.964,606587,N
2118,28:05.778,606880,N
2119,28:06.606,607178,N
2120,28:07.431,607475,N
2121,28:08.239,607766,N
2122,28:09.008,608043,N
2123,28:09.747,608309,N
2124,28:10.489,608576,N
2125,28:11.258,608853,N
2126,28:12.044,609136,N
2127,28:12.847,609425,N
2128,28:13.653,609715,N
2129,28:14.408,609987,N
2130,28:15.172,610262,N
2131,28:15.956,610544,N
2132,28:16.731,610823,N
2133,28:17.522,611108,N
2134,28:18.331,611399,N
2135,28:19.153,611695,N
2136,28:19.961,611986,N
2137,28:20.731,612263,N
2138,28:21.497,612539,N
2139,28:22.275,612819,N
2140,28:23.078,613108,N
2141,28:23.886,613399,N
2142,28:24.703,613693,N
2143,28:25.508,613983,N
2144,28:26.275,614259,N
2145,28:27.053,614539,N
2146,28:27.822,614816,N
2147,28:28.581,615089,N
2148,28:29.361,615370,N
2149,28:30.211,615676,N
2150,28:31.022,615968,N
2151,28:31.806,616250,N
2152,28:32.572,616526,N
2153,28:33.342,616803,N
2154,28:34.128,617086,N
2155,28:34.906,617366,N
2156,28:35.708,617655,N
2157,28:36.525,617949,N
2158,28:37.356,618248,N
2159,28:38.133,618528,N
2160,28:38.900,618804,N
2161,28:39.669,619081,N
2162,28:40.450,619362,N
2163,28:41.258,619653,N
2164,28:42.086,619951,N
2165,28:42.914,620249,N
2166,28:43.725,620541,N
2167,28:44.517,620826,N
2168,28:45.283,621102,N
2169,28:46.053,621379,N
2170,28:46.836,621661,N
2171,28:47.622,621944,N
2172,28:48.464,622247,N
2173,28:49.281,622541,N
2174,28:50.064,622823,N
2175,28:50.803,623089,N
2176,28:51.575,623367,N
2177,28:52.328,623638,N
2178,28:53.103,623917,N
2179,28:53.864,624191,N
2180,28:54.672,624482,N
2181,28:55.458,624765,N
2182,28:56.244,625048,N
2183,28:56.969,625309,N
2184,28:57.719,625579,N
2185,28:58.481,625853,N
2186,28:59.272,626138,N
2187,29:00.075,626427,N
2188,29:00.875,626715,N
2189,29:01.667,627000,N
2190,29:02.447,627281,N
2191,29:03.208,627555,N
2192,29:03.964,627827,N
2193,29:04.731,628103,N
2194,29:05.531,628391,N
2195,29:06.356,628688,N
2196,29:07.169,628981,N
2197,29:07.697,629171,A
2198,29:08.594,629494,N
2199,29:09.336,629761,N
2200,29:10.075,630027,N
2201,29:10.803,630289,N
2202,29:11.558,630561,N
2203,29:12.322,630836,N
2204,29:13.083,631110,N
2205,29:13.825,631377,N
2206,29:14.544,631636,N
2207,29:15.272,631898,N
2208,29:15.989,632156,N
2209,29:16.706,632414,N
2210,29:17.467,632688,N
2211,29:18.217,632958,N
2212,29:18.969,633229,N
2213,29:19.717,633498,N
2214,29:20.467,633768,N
2215,29:21.189,634028,N
2216,29:21.897,634283,N
2217,29:22.625,634545,N
2218,29:23.406,634826,N
2219,29:24.186,635107,N
2220,29:24.983,635394,N
2221,29:25.789,635684,N
2222,29:26.572,635966,N
2223,29:27.328,636238,N
2224,29:28.111,636520,N
2225,29:28.919,636811,N
2226,29:29.736,637105,N
2227,29:30.553,637399,N
2228,29:31.400,637704,N
2229,29:32.214,637997,N
2230,29:33.006,638282,N
2231,29:33.778,638560,N
2232,29:34.572,638846,N
2233,29:35.389,639140,N
2234,29:36.239,639446,N
2235,29:37.067,639744,N
2236,29:37.886,640039,N
2237,29:38.692,640329,N
2238,29:39.486,640615,N
2239,29:40.278,640900,N
2240,29:41.050,641178,N
2241,29:41.886,641479,N
2242,29:42.714,641777,N
2243,29:43.514,642065,N
2244,29:44.269,642337,N
2245,29:45.039,642614,N
2246,29:45.797,642887,N
2247,29:46.567,643164,N
2248,29:47.331,643439,N
2249,29:48.114,643721,N
2250,29:48.903,644005,N
2251,29:49.683,644286,N
2252,29:50.408,644547,N
2253,29:51.131,644807,N
2254,29:51.842,645063,N
2255,29:52.556,645320,N
2256,29:53.281,645581,N
2257,29:54.064,645863,N
2258,29:54.811,646132,N
2259,29:55.536,646393,N
2260,29:56.272,646658,N
2261,29:56.989,646916,N
2262,29:57.689,647168,N
2263,29:58.372,647414,N
2264,29:59.089,647672,N
2265,29:59.817,647934,N
2266,30:00.564,648203,N
2267,30:01.325,648477,N
2268,30:02.036,648733,N
2269,30:02.717,648978,N
2270,30:03.422,649232,N
2271,30:04.122,649484,N
2272,30:04.817,649734,N
2273,30:05.531,649991,N
